bench,exe,driver_id,driver_name,func_total,edges_total,edges_delta
libdwarf,dwarfdump,1,1_a,2,877,0
libdwarf,dwarfdump,2,2_i,2,16,0
libdwarf,dwarfdump,3,3_l,2,9,0
libdwarf,dwarfdump,4,4_ls,2,19,0
libdwarf,dwarfdump,5,5_f,2,25,0
libdwarf,dwarfdump,6,6_F,2,13,0
libdwarf,dwarfdump,7,7_p,2,15,0
libdwarf,dwarfdump,8,8_y,2,1,0
libdwarf,dwarfdump,9,9_r,2,19,0
libdwarf,dwarfdump,10,10_N,2,10,0
libdwarf,dwarfdump,11,11_m,2,1,0
libdwarf,dwarfdump,12,12_s,2,57,0
libdwarf,dwarfdump,13,13_ka,2,256,0
libdwarf,dwarfdump,14,14_kb,2,32,0
libdwarf,dwarfdump,15,15_kx,2,6,0
libdwarf,dwarfdump,16,16_kxe,2,2,0
libdwarf,dwarfdump,17,17_kR,2,3,0
libdwarf,dwarfdump,18,18_ky,2,3,0
libdwarf,dwarfdump,19,19_ku,2,14,0
libdwarf,dwarfdump,20,20_check_functions,2,13,0
libdwarf,dwarfdump,21,21_d,2,5,1
libdwarf,dwarfdump,22,22_e,2,3,0
libdwarf,dwarfdump,23,23_M,2,3,0
libdwarf,dwarfdump,24,24_C,2,2,0
libdwarf,dwarfdump,25,25_H_4,2,10,0
libdwarf,dwarfdump,26,26_H_8,2,20,0
libdwarf,dwarfdump,27,27_H_16,2,25,1
libdwarf,dwarfdump,28,28_v,2,23,0
libdwarf,dwarfdump,29,29_vv,2,25,0
